content_type,Human Generated Mean,AI Generated Mean,Human Generated Median,AI Generated Median,Human Generated StdDev,AI Generated StdDev
academic_paper,5.500326086956521,5.4705154639175255,5.49,5.46,0.1969517768107599,0.19826524286725
article,5.49578947368421,5.446973684210526,5.5,5.425,0.318405532091924,0.44738952375409097
blog_post,5.518461538461539,5.474190476190476,5.485,5.46,0.38688256858912895,0.3715787031043796
creative_writing,5.570340909090909,5.5651190476190475,5.49,5.58,0.4050385219756531,0.36652879716454645
essay,5.467682926829268,5.483417721518987,5.42,5.48,0.30944912735530133,0.27377646728836247
news_article,5.468181818181818,5.477628865979382,5.46,5.47,0.35211200364926165,0.3601092808552364
product_review,5.55578313253012,5.492173913043478,5.53,5.52,0.39410014971413265,0.33755988386035407
social_media,5.411923076923077,5.368421052631579,5.5,5.33,0.9388789359356488,0.9052911909164242
