content_type,Human Generated Mean,AI Generated Mean,Human Generated Median,AI Generated Median,Human Generated StdDev,AI Generated StdDev
academic_paper,0.4218304347826087,0.41261546391752574,0.391,0.3929,0.18093287975277755,0.19853845783007118
article,0.43075789473684206,0.3966907894736842,0.3993,0.37865000000000004,0.20603508407031348,0.18174283089217508
blog_post,0.4071820512820513,0.39988380952380953,0.3769,0.3637,0.21333403095748404,0.19649411819529863
creative_writing,0.43928181818181816,0.41303690476190474,0.41005,0.36829999999999996,0.19689700939653676,0.19731617388610356
essay,0.46326463414634145,0.4215544303797468,0.4849,0.3936,0.1979210974923607,0.20103617661267625
news_article,0.43082613636363637,0.41648041237113403,0.40495000000000003,0.4135,0.22103267324622392,0.19198927522085232
product_review,0.4681939759036145,0.39134057971014496,0.5282,0.366,0.2218575467745659,0.16655953388824896
social_media,0.4834012820512821,0.4420171052631579,0.4854,0.4243,0.19104027010955,0.20594221156311973
