content_type,Human Generated Total,AI Generated Total,Human Generated Mean,AI Generated Mean,Human Generated Median,AI Generated Median,Human Generated StdDev,AI Generated StdDev
academic_paper,232,270,2.5217391304347827,2.783505154639175,2.0,2.0,2.5483382254753817,2.6387607734017853
article,121,95,1.2736842105263158,1.25,0.0,0.5,1.6140480710969762,1.5758595538097084
blog_post,111,127,1.4230769230769231,1.2095238095238094,0.0,0.0,1.9240057696894266,1.5731841675113645
creative_writing,113,88,1.2840909090909092,1.0476190476190477,0.0,0.0,1.7936597380797614,1.4636541324342485
essay,160,148,1.951219512195122,1.8734177215189873,1.0,1.0,2.153965272622555,2.215140723709392
news_article,119,144,1.3522727272727273,1.4845360824742269,1.0,1.0,1.6749662733078876,1.6962790286256937
product_review,127,78,1.5301204819277108,1.1304347826086956,1.0,0.0,1.6699448610554837,1.4942344437503863
social_media,82,87,1.0512820512820513,1.144736842105263,0.0,0.5,1.3665525483734124,1.3731127399056597
