content_type,Human Generated Mean,AI Generated Mean,Human Generated Median,AI Generated Median,Human Generated StdDev,AI Generated StdDev
academic_paper,0.13526902173913044,0.13912268041237114,0.13190000000000002,0.1443,0.0560223468179309,0.057882239927205224
article,0.14165263157894736,0.15424605263157895,0.1462,0.1532,0.057927696297369435,0.0533027183566704
blog_post,0.14843653846153845,0.14603476190476192,0.14965,0.1444,0.05391904325490647,0.059665821425142505
creative_writing,0.14745454545454545,0.15719107142857144,0.150325,0.16975,0.0581130658920799,0.05532671480512254
essay,0.14953048780487804,0.15511835443037975,0.15134999999999998,0.1532,0.056133967707826485,0.05674955505146659
news_article,0.15943181818181817,0.15058247422680412,0.153,0.15134999999999998,0.05307823448426447,0.05490054361887291
product_review,0.16292228915662652,0.151918115942029,0.1683,0.1519,0.05442291889262664,0.05053431490742535
social_media,0.15612435897435897,0.1553986842105263,0.15395,0.15489999999999998,0.055576137516672196,0.05766199729092764
