content_type,Human Total Sentence Count,AI Total Sentence Count,Human Generated Median,AI Generated Median,Mean Human Generated,Mean AI Generated,Std Dev Human Generated,Std Dev AI Generated
academic_paper,4946,5523,54.0,60.0,53.76086956521739,56.93814432989691,14.613985146869064,17.3083640865898
article,2108,1440,23.0,17.0,22.189473684210526,18.94736842105263,10.298000980196587,9.84262124550448
blog_post,1666,2232,20.5,21.0,21.358974358974358,21.257142857142856,10.989929698526502,10.756061414051945
creative_writing,1729,1856,20.0,22.0,19.647727272727273,22.095238095238095,10.006939859420175,10.473856204762852
essay,2750,2765,34.0,34.0,33.53658536585366,35.0,12.480300647248411,11.572513854952904
news_article,1982,2188,23.5,23.0,22.522727272727273,22.556701030927837,10.791628591130387,9.755307393248547
product_review,1709,1576,18.0,24.0,20.59036144578313,22.840579710144926,10.603768479428657,10.581091887954994
social_media,264,275,3.0,3.0,3.3846153846153846,3.6184210526315788,1.7818039103181853,1.5489101997913062
