content_type,Human Total Word Count,AI Total Word Count,Human Generated Median,AI Generated Median,Mean Human Generated,Mean AI Generated,Std Dev Human Generated,Std Dev AI Generated
academic_paper,27166,30144,298.5,327.0,295.2826086956522,310.7628865979381,78.88220820401712,93.19578106463524
article,11570,7850,129.0,96.0,121.78947368421052,103.28947368421052,56.425981403779055,53.396832812311686
blog_post,9138,12177,111.0,113.0,117.15384615384616,115.97142857142858,59.756883410073485,58.44942869084107
creative_writing,9605,10234,112.0,123.0,109.14772727272727,121.83333333333333,55.46947794310927,56.748405493938044
essay,14981,15099,185.0,188.0,182.6951219512195,191.126582278481,67.49516471467777,61.605312601540525
news_article,10792,11975,128.0,126.0,122.63636363636364,123.45360824742268,58.167254250863834,53.490073187024755
product_review,9415,8621,102.0,127.0,113.43373493975903,124.94202898550725,57.43420260230861,57.15893323675534
social_media,1408,1466,16.0,19.5,18.05128205128205,19.289473684210527,9.531761581915424,8.379046547945153
