content_type,Human Generated Median,AI Generated Median,Mean Human Generated,Mean AI Generated,Std Dev Human Generated,Std Dev AI Generated
academic_paper,2022.0,2192.0,1982.9565217391305,2087.1237113402062,525.6984660523052,625.4052229310336
article,868.0,644.5,815.1578947368421,695.2236842105264,378.40022479271903,356.1735381780146
blog_post,731.0,779.0,783.7179487179487,778.1809523809524,400.58132748968717,393.58795275868977
creative_writing,751.0,816.0,732.4886363636364,816.25,375.1585103864238,378.28907398175784
essay,1225.0,1250.0,1224.5243902439024,1286.2911392405063,453.0293432190954,420.9771646130092
news_article,853.0,830.0,819.4090909090909,826.1134020618557,388.9644854622182,356.8185193568485
product_review,690.0,862.0,759.4578313253012,841.6376811594203,383.8553240290974,382.9898620611292
social_media,103.5,123.5,119.75641025641026,127.48684210526316,63.585954893149626,57.08484759164557
