content_type,Human Generated Mean,AI Generated Mean,Human Generated Median,AI Generated Median,Human Generated StdDev,AI Generated StdDev
academic_paper,0.05563152173913043,-0.01901237113402062,0.08324999999999999,-0.0062,0.5762401700774129,0.618270160787629
article,-0.15629157894736842,-0.020022368421052636,-0.1496,0.0343,0.5971870371794252,0.615843792011943
blog_post,0.013547435897435903,0.01046952380952381,-0.0062,-0.0139,0.5430709273531379,0.5796710056846918
creative_writing,0.005721590909090909,-0.04906904761904762,-0.0062,-0.0062,0.5001842291513126,0.5665562156895214
essay,0.09302804878048782,0.044537974683544305,0.20435,0.0719,0.5851973541273298,0.5863372877019605
news_article,-0.15106477272727273,0.017250515463917527,-0.20515,-0.0062,0.5644676580820529,0.5579731800087764
product_review,0.000806024096385547,-0.06040579710144928,-0.0062,-0.0087,0.5664307225953171,0.5677173100087283
social_media,0.039200000000000006,0.0689407894736842,-0.0092,0.0877,0.5645346565460427,0.6092261132896676
